{
	"credit": "Made with Blockbench",
	"texture_size": [32, 32],
	"textures": {
		"0": "tnt-bat/tnt_top",
		"1": "tnt-bat/tnt_bottom",
		"2": "tnt-bat/tnt_side",
		"3": "tnt-bat/bat",
		"particle": "tnt-bat/tnt_top"
	},
	"elements": [
		{
			"from": [0, 0, 0],
			"to": [16, 16, 16],
			"faces": {
				"north": {"uv": [0, 0, 16, 16], "texture": "#2"},
				"east": {"uv": [0, 0, 16, 16], "texture": "#2"},
				"south": {"uv": [0, 0, 16, 16], "texture": "#2"},
				"west": {"uv": [0, 0, 16, 16], "texture": "#2"},
				"up": {"uv": [0, 0, 16, 16], "texture": "#0"},
				"down": {"uv": [0, 0, 16, 16], "texture": "#1"}
			}
		},
		{
			"from": [5, 15, -1],
			"to": [11, 21, 5],
			"faces": {
				"north": {"uv": [0, 0, 3, 3], "texture": "#3"},
				"east": {"uv": [0, 3, 3, 6], "texture": "#3"},
				"south": {"uv": [3, 0, 6, 3], "texture": "#3"},
				"west": {"uv": [3, 3, 6, 6], "texture": "#3"},
				"up": {"uv": [3, 9, 0, 6], "texture": "#3"},
				"down": {"uv": [9, 0, 6, 3], "texture": "#3"}
			}
		},
		{
			"from": [4, 20, 0],
			"to": [7, 24, 1],
			"faces": {
				"north": {"uv": [0, 9, 1.5, 11], "texture": "#3"},
				"east": {"uv": [0, 9, 0.5, 11], "texture": "#3"},
				"south": {"uv": [0, 9, 1.5, 11], "texture": "#3"},
				"west": {"uv": [0, 9, 0.5, 11], "texture": "#3"},
				"up": {"uv": [0, 9, 1.5, 9.5], "texture": "#3"},
				"down": {"uv": [0, 9, 1.5, 11], "texture": "#3"}
			}
		},
		{
			"from": [9, 20, 0],
			"to": [12, 24, 1],
			"faces": {
				"north": {"uv": [0, 9, 1.5, 11], "texture": "#3"},
				"east": {"uv": [0, 9, 0.5, 11], "texture": "#3"},
				"south": {"uv": [0, 9, 1.5, 11], "texture": "#3"},
				"west": {"uv": [1, 9, 1.5, 11], "texture": "#3"},
				"up": {"uv": [0, 9, 1.5, 9.5], "texture": "#3"},
				"down": {"uv": [0, 9, 1.5, 11], "texture": "#3"}
			}
		}
	],
	"display": {
		"thirdperson_righthand": {
			"rotation": [75, 45, 0],
			"translation": [0, 2.5, 0],
			"scale": [0.375, 0.375, 0.375]
		},
		"thirdperson_lefthand": {
			"rotation": [75, 45, 0],
			"translation": [0, 2.5, 0],
			"scale": [0.375, 0.375, 0.375]
		},
		"firstperson_righthand": {
			"rotation": [0, 45, 0],
			"scale": [0.4, 0.4, 0.4]
		},
		"firstperson_lefthand": {
			"rotation": [0, 225, 0],
			"scale": [0.4, 0.4, 0.4]
		},
		"ground": {
			"translation": [0, 3, 0],
			"scale": [0.25, 0.25, 0.25]
		},
		"gui": {
			"rotation": [30, 225, 0],
			"scale": [0.625, 0.625, 0.625]
		},
		"head": {
			"translation": [-18.25, -14.5, -18.25],
			"scale": [2.3, 2.3, 2.3]
		},
		"fixed": {
			"rotation": [-90, 0, 0],
			"translation": [0, 0, -14],
			"scale": [2.01, 2.01, 2.01]
		}
	}
}