{
    "parent": "item/handheld",
    "textures": {
     "layer0": "item/item_frame"
    },
   
    "overrides": [
     { "predicate": {"custom_model_data": 2300}, "model": "misc/workshop"},
     { "predicate": {"custom_model_data": 2400}, "model": "misc/fuse"},
     { "predicate": {"custom_model_data": 2401}, "model": "tnts/fire"},
     { "predicate": {"custom_model_data": 2402}, "model": "tnts/bat"},
     { "predicate": {"custom_model_data": 2403}, "model": "tnts/sponge"},
     { "predicate": {"custom_model_data": 2404}, "model": "tnts/nuclear"},
     { "predicate": {"custom_model_data": 2405}, "model": "tnts/levitation"},
     { "predicate": {"custom_model_data": 2406}, "model": "tnts/ice"},
     { "predicate": {"custom_model_data": 2407}, "model": "tnts/firework"},
     { "predicate": {"custom_model_data": 2408}, "model": "tnts/health"},
     { "predicate": {"custom_model_data": 2409}, "model": "tnts/charged"},
     { "predicate": {"custom_model_data": 2410}, "model": "tnts/end"},
     { "predicate": {"custom_model_data": 2411}, "model": "tnts/nether"}
    ]
}